{
  "README.md": 1775472834.3878486,
  "figures\\USTHB.png": 1775472834.3888514
}